filename,relpath,width,height,aspect_ratio,mean_r,mean_g,mean_b,std_r,std_g,std_b,brightness,contrast,edge_density,hist_00,hist_01,hist_02,hist_03,hist_04,hist_05,hist_06,hist_07,hist_08,hist_09,hist_10,hist_11,hist_12,hist_13,hist_14,hist_15
1.jpg,1.jpg,304.0,351.0,0.8660968660968661,0.9311366081237793,0.9311366081237793,0.9311366081237793,0.25322169065475464,0.25322169065475464,0.25322169065475464,0.9311365485191345,0.25322169065475464,0.06114936440677966,0.0688633993268013,0.0,0.0,0.0,0.0,0.0,0.0,0.0,0.0,0.0,0.0,0.0,0.0,0.0,0.0,0.9311366081237793
10.jpg,10.jpg,960.0,1280.0,0.75,0.5243973731994629,0.5203821063041687,0.49888670444488525,0.09820937365293503,0.09446261823177338,0.12049387395381927,0.5196854472160339,0.09560083597898483,0.06862857404692083,0.004730631597340107,0.005248209461569786,0.011717936024069786,0.015734048560261726,0.023588867858052254,0.029381509870290756,0.027736816555261612,0.03969075530767441,0.6551448702812195,0.17951008677482605,0.006216634064912796,0.0003124999930150807,0.00018880207790061831,0.0002067057357635349,0.000318196602165699,0.0002734375011641532
100.jpg,100.jpg,1200.0,921.0,1.3029315960912051,0.9060827493667603,0.8369185924530029,0.6593651175498962,0.11677024513483047,0.11397405713796616,0.10446590185165405,0.8388144373893738,0.1136038675904274,0.07796077327327328,0.004561165347695351,0.0025732899084687233,0.0023217517882585526,0.002312703523784876,0.0023941367398947477,0.003239232813939452,0.0056433225981891155,0.00815237034112215,0.007960550487041473,0.006802388932555914,0.006611472927033901,0.008652732707560062,0.049861565232276917,0.5820204615592957,0.3053302466869354,0.0015626130625605583
101.jpg,101.jpg,1200.0,800.0,1.5,0.7062179446220398,0.6814383864402771,0.6598138809204102,0.16283994913101196,0.16562220454216003,0.16613909602165222,0.6851447820663452,0.1649104654788971,0.09739176432291667,0.017113542184233665,0.0058791665360331535,0.00536875007674098,0.0056843748316168785,0.005838541779667139,0.0067125000059604645,0.008517708629369736,0.03661666810512543,0.06523958593606949,0.11319375038146973,0.17728646099567413,0.18852083384990692,0.13286042213439941,0.20275312662124634,0.027120834216475487,0.0012937500141561031
102.jpg,102.jpg,706.0,596.0,1.1845637583892616,0.9614278674125671,0.9614278674125671,0.9614278674125671,0.16784922778606415,0.16784922778606415,0.16784922778606415,0.9614278674125671,0.16784921288490295,0.06872679455445545,0.018451623618602753,0.00206523179076612,0.002129398984834552,0.002167423954233527,0.0019036256708204746,0.0018394584767520428,0.002115139737725258,0.0067185391671955585,0.003766849869862199,0.003757343627512455,0.003648021724075079,0.003638515481725335,0.0038476528134196997,0.003526817075908184,0.0051856571808457375,0.9352387189865112
103.jpg,103.jpg,500.0,396.0,1.2626262626262625,0.5433107018470764,0.4947498142719269,0.4133143424987793,0.28781142830848694,0.26459598541259766,0.22278989851474762,0.4991975724697113,0.26647529006004333,0.057166698916408666,0.2209898978471756,0.012489899061620235,0.0021767676807940006,0.0029898989014327526,0.005409090779721737,0.007141414098441601,0.008414141833782196,0.015737373381853104,0.029434343799948692,0.07552020251750946,0.5480151772499084,0.07165151834487915,3.030303014384117e-05,0.0,0.0,0.0
104.jpg,104.jpg,750.0,435.0,1.7241379310344827,0.5673426985740662,0.5615550875663757,0.5689141154289246,0.07225921005010605,0.07411966472864151,0.07856636494398117,0.5633155703544617,0.07393421977758408,0.04958545918367347,0.0006406130269169807,0.0009563218336552382,0.0021670497953891754,0.004659004043787718,0.010902682319283485,0.028864366933703423,0.03191417455673218,0.021826820448040962,0.1933639794588089,0.648186981678009,0.054703447967767715,0.001734865945763886,7.662835560040548e-05,3.065134023927385e-06,0.0,0.0
105.jpg,105.jpg,960.0,1280.0,0.75,0.6267065405845642,0.6069369316101074,0.5534952878952026,0.19546344876289368,0.19387292861938477,0.21285581588745117,0.607284665107727,0.19525256752967834,0.10111574413489736,0.012358398176729679,0.011500651016831398,0.01374918594956398,0.04983317106962204,0.03502441570162773,0.041482746601104736,0.05295003205537796,0.051437173038721085,0.015116374008357525,0.04264973849058151,0.17379720509052277,0.308514803647995,0.16413818299770355,0.025205891579389572,0.002079264260828495,0.00016276042151730508
106.jpg,106.jpg,443.0,249.0,1.7791164658634537,0.7283233404159546,0.8378067016601562,0.8309323191642761,0.21309144794940948,0.15436649322509766,0.15250203013420105,0.8140459060668945,0.16243641078472137,0.09361775479422538,0.0005892644985578954,0.0011875946074724197,0.0031548314727842808,0.005811054725199938,0.009428231976926327,0.01174902729690075,0.023226087912917137,0.049616072326898575,0.0130091467872262,0.017025211825966835,0.016417816281318665,0.01868421770632267,0.03661599010229111,0.31729626655578613,0.4349587857723236,0.04123038426041603
107.jpg,107.jpg,1200.0,712.0,1.6853932584269662,0.9471734762191772,0.8796183466911316,0.7573978900909424,0.11792229115962982,0.11847894638776779,0.10146068036556244,0.8851613998413086,0.11682355403900146,0.07092879930394431,0.0005489232135005295,0.0012265917612239718,0.0018281835364177823,0.0028007959481328726,0.005720973946154118,0.009638343006372452,0.009461610578000546,0.006749765947461128,0.004640683531761169,0.00385065539740026,0.003534644143655896,0.003611891297623515,0.004405430518090725,0.020022237673401833,0.9193258285522461,0.0026334270369261503
108.jpg,108.jpg,2400.0,3600.0,0.6666666666666666,0.6386188864707947,0.5916136503219604,0.5660125017166138,0.1367608606815338,0.1335424780845642,0.1286935657262802,0.5997564792633057,0.13348904252052307,0.069244384765625,0.007388541474938393,0.009369328618049622,0.006013772916048765,0.004486458376049995,0.004187615588307381,0.005979166831821203,0.024446412920951843,0.13239328563213348,0.19348298013210297,0.14591041207313538,0.1625719964504242,0.23124051094055176,0.06662708520889282,0.003782175946980715,0.0015145833604037762,0.0006056713173165917
109.jpg,109.jpg,299.0,169.0,1.7692307692307692,0.8845401406288147,0.8751119375228882,0.8679481148719788,0.19994616508483887,0.20229141414165497,0.20345903933048248,0.8765989542007446,0.20164211094379425,0.15714878318584072,0.002592467935755849,0.0022362510208040476,0.004650610499083996,0.007183709181845188,0.0115572614595294,0.013852882198989391,0.022105243057012558,0.022916626185178757,0.024262333288788795,0.026320476084947586,0.025489304214715958,0.027547447010874748,0.028715046122670174,0.035720646381378174,0.10255090892314911,0.6422987580299377
11.jpg,11.jpg,1024.0,1024.0,1.0,0.5717517733573914,0.5566824674606323,0.5452643632888794,0.09445834159851074,0.09338454157114029,0.09360246360301971,0.5590614080429077,0.0935545414686203,0.0312652587890625,0.004082679748535156,0.007439613342285156,0.009979248046875,0.007556915283203125,0.009552955627441406,0.025308609008789062,0.009611129760742188,0.01588726043701172,0.22887897491455078,0.6506290435791016,0.029946327209472656,0.001071929931640625,5.340576171875e-05,1.9073486328125e-06,0.0,0.0
110.jpg,110.jpg,733.0,524.0,1.3988549618320612,0.9605324268341064,0.9605324268341064,0.9605324268341064,0.17070165276527405,0.17070165276527405,0.17070165276527405,0.9605323076248169,0.17070163786411285,0.0736731843575419,0.018909532576799393,0.0024733657483011484,0.001994313905015588,0.0022312363144010305,0.0022963248193264008,0.0021323016844689846,0.002387448912486434,0.007394061889499426,0.0030253168661147356,0.0035512326285243034,0.003415848361328244,0.003527800552546978,0.0033663809299468994,0.0037074449937790632,0.0034965581726282835,0.9360908269882202
111.jpg,111.jpg,1024.0,1024.0,1.0,0.7675448060035706,0.7709168195724487,0.7769239544868469,0.19231075048446655,0.161129891872406,0.16413375735282898,0.7706333994865417,0.16578860580921173,0.0996246337890625,9.918212890625e-05,0.000659942626953125,0.0020837783813476562,0.004521369934082031,0.018587112426757812,0.021630287170410156,0.015962600708007812,0.021879196166992188,0.0660562515258789,0.07204246520996094,0.023148536682128906,0.01538848876953125,0.050594329833984375,0.4787330627441406,0.20119571685791016,0.0074176788330078125
112.jpg,112.jpg,500.0,654.0,0.764525993883792,0.9118347764015198,0.9036217331886292,0.8943460583686829,0.19204966723918915,0.202035591006279,0.2033088058233261,0.904698371887207,0.19996942579746246,0.10614708083832336,0.0,0.00013455656880978495,0.0033241589553654194,0.01725076511502266,0.02175535075366497,0.01323547400534153,0.012137615121901035,0.011868501082062721,0.01328746136277914,0.017816513776779175,0.021443424746394157,0.02001834847033024,0.021703364327549934,0.024538226425647736,0.03331192582845688,0.7681742906570435
113.jpg,113.jpg,576.0,608.0,0.9473684210526315,0.875580370426178,0.8644492030143738,0.8983533382415771,0.10404927283525467,0.10602303594350815,0.09826739132404327,0.8692590594291687,0.10434277355670929,0.10758101851851852,0.0,5.710891855414957e-06,2.8554459277074784e-05,9.708516154205427e-05,0.0008480674587190151,0.004057588521391153,0.008643434382975101,0.011778714135289192,0.020133748650550842,0.016581574454903603,0.014579907059669495,0.013974552042782307,0.01619323343038559,0.06014425680041313,0.8261318802833557,0.006801672279834747
114.jpg,114.jpg,808.0,515.0,1.5689320388349515,0.9406620264053345,0.9405625462532043,0.9405874013900757,0.19353151321411133,0.1939486563205719,0.19384326040744781,0.9405854344367981,0.19385181367397308,0.08433993142144638,0.014337209984660149,0.011378929018974304,0.004808709025382996,0.004998558200895786,0.004082956817001104,0.004328078590333462,0.005854080431163311,0.0054383352398872375,0.004931269679218531,0.005428722593933344,0.006108814850449562,0.0067913103848695755,0.0114005571231246,0.009201672859489918,0.014558300375938416,0.8863524794578552
115.jpg,115.jpg,675.0,1200.0,0.5625,0.7854104042053223,0.7197850346565247,0.7095813155174255,0.18835477530956268,0.2513217329978943,0.2333478331565857,0.7329948544502258,0.23266053199768066,0.05302197802197802,3.703703669089009e-06,0.0001308641949435696,0.026588888838887215,0.052391357719898224,0.04390000179409981,0.0285012349486351,0.030123457312583923,0.026632098481059074,0.0069444444961845875,0.007097530644387007,0.017046913504600525,0.0181037038564682,0.058850616216659546,0.4897839426994324,0.1928333342075348,0.001067901263013482
116.jpg,116.jpg,547.0,1200.0,0.4558333333333333,0.6381286382675171,0.6328832507133484,0.628860354423523,0.11335764825344086,0.12091580033302307,0.13080094754695892,0.6337078809738159,0.11933059245347977,0.07027072192513369,0.006695612333714962,0.004827849101275206,0.006241620983928442,0.007483242079615593,0.007868677377700806,0.011456429027020931,0.01567184552550316,0.03498324006795883,0.07535801082849503,0.17403565347194672,0.24800731241703033,0.39565813541412354,0.011541742831468582,0.00016910419799387455,1.5234612646963797e-06,0.0
117.jpg,117.jpg,328.0,153.0,2.1437908496732025,0.5055424571037292,0.6737940311431885,0.6489206552505493,0.21139225363731384,0.2596896290779114,0.24940833449363708,0.6362472176551819,0.24830438196659088,0.12779425182481752,0.005778734106570482,0.061712898313999176,0.020683882758021355,0.02088315039873123,0.05133110284805298,0.017555397003889084,0.02297545038163662,0.032321058213710785,0.08520644158124924,0.08309421688318253,0.09226047992706299,0.10200462490320206,0.10310059040784836,0.1093575656414032,0.18137255311012268,0.01036186795681715
118.jpg,118.jpg,1024.0,1024.0,1.0,0.5985965728759766,0.5757291316986084,0.571456253528595,0.10602504014968872,0.13284794986248016,0.13700276613235474,0.5802804231643677,0.12710198760032654,0.0387725830078125,4.9591064453125e-05,0.00044918060302734375,0.0031690597534179688,0.008298873901367188,0.03977203369140625,0.04733562469482422,0.054958343505859375,0.09132194519042969,0.12457561492919922,0.14304542541503906,0.2701435089111328,0.2137737274169922,0.0031023025512695312,4.76837158203125e-06,0.0,0.0
119.jpg,119.jpg,2400.0,3600.0,0.6666666666666666,0.41292351484298706,0.36860594153404236,0.3324027955532074,0.16484946012496948,0.1847161054611206,0.1900627464056015,0.37541303038597107,0.1770363450050354,0.10895792643229167,8.518518734490499e-05,0.0033875000663101673,0.015759605914354324,0.183186337351799,0.26800334453582764,0.20404525101184845,0.1021219938993454,0.0703965276479721,0.03920463100075722,0.01164085604250431,0.012103009037673473,0.013369675725698471,0.019894791767001152,0.024036921560764313,0.022652776911854744,0.010111574083566666
12.jpg,12.jpg,1110.0,344.0,3.2267441860465116,0.878747820854187,0.878747820854187,0.878747820854187,0.23498927056789398,0.23498927056789398,0.23498927056789398,0.8787476420402527,0.23498927056789398,0.12104172972154964,0.03422899544239044,0.011727425269782543,0.008569033816456795,0.0071234023198485374,0.006620574276894331,0.006471296772360802,0.006395348813384771,0.005502304527908564,0.0058139534667134285,0.006217263638973236,0.00677508907392621,0.006727948784828186,0.010459878481924534,0.03246124088764191,0.2357715219259262,0.6091347336769104
120.jpg,120.jpg,340.0,270.0,1.2592592592592593,0.8936743140220642,0.6908663511276245,0.7342925071716309,0.1876267045736313,0.15736079216003418,0.16373778879642487,0.7370940446853638,0.16400589048862457,0.12529114906832298,0.00021786493016406894,0.0010566448327153921,0.0045424834825098515,0.012799563817679882,0.02567538060247898,0.03413943201303482,0.027723312377929688,0.022614378482103348,0.021535947918891907,0.021383441984653473,0.02481481432914734,0.028159040957689285,0.387058824300766,0.3880610167980194,0.00021786493016406894,0.0
121.jpg,121.jpg,800.0,450.0,1.7777777777777777,0.4746829867362976,0.4746427536010742,0.4746829867362976,0.2669786214828491,0.2669532001018524,0.2669786214828491,0.4746541678905487,0.26696038246154785,0.029541552197802197,0.16702499985694885,0.10622499883174896,0.0010111110750585794,0.0016444444190710783,0.002991666551679373,0.0041527776047587395,0.005477777682244778,0.03262222185730934,0.19425277411937714,0.060083333402872086,0.1322527825832367,0.2507416605949402,0.04146388918161392,5.555555617320351e-05,0.0,0.0
122.jpg,122.jpg,630.0,354.0,1.7796610169491525,0.5973905920982361,0.5977350473403931,0.6245327591896057,0.0905332937836647,0.09134906530380249,0.08456624299287796,0.5995938777923584,0.0905628576874733,0.03741414835164835,0.004398708697408438,0.006519594695419073,0.006967985071241856,0.006761725526303053,0.007609182968735695,0.006981436628848314,0.007254954893141985,0.008963321335613728,0.020823244005441666,0.691960334777832,0.2071787267923355,0.018330194056034088,0.004631871357560158,0.0012106538051739335,0.0003542283084243536,5.380683433031663e-05
123.jpg,123.jpg,400.0,308.0,1.2987012987012987,0.723339855670929,0.6587923169136047,0.5661413669586182,0.3280712068080902,0.30826878547668457,0.26904723048210144,0.6658284664154053,0.3094996213912964,0.10359798569277108,0.05791396275162697,0.11691558361053467,0.01020292192697525,0.011444805189967155,0.01205357164144516,0.011501623317599297,0.009748376905918121,0.008912337943911552,0.009245130233466625,0.01193181797862053,0.01638798788189888,0.039188310503959656,0.13976460695266724,0.39353084564208984,0.12778408825397491,0.02347402647137642
124.jpg,124.jpg,1872.0,2752.0,0.6802325581395349,0.7514130473136902,0.7083231210708618,0.6889652609825134,0.125080406665802,0.13920751214027405,0.14721113443374634,0.7160835862159729,0.13376717269420624,0.08831657247340426,0.0021961494348943233,0.005858016200363636,0.00939934141933918,0.008597282692790031,0.006408897694200277,0.006207606755197048,0.021845806390047073,0.011014328338205814,0.01078256219625473,0.018588269129395485,0.10104772448539734,0.4259481728076935,0.24483203887939453,0.10058807581663132,0.02647472359240055,0.00021099651348777115
125.jpg,125.jpg,675.0,1200.0,0.5625,0.5798667669296265,0.5752487778663635,0.5652598738670349,0.23471330106258392,0.22789718210697174,0.2324734628200531,0.5755099654197693,0.22942131757736206,0.10911744505494506,0.06442469358444214,0.041097529232501984,0.02164567820727825,0.0193925928324461,0.019455555826425552,0.019879011437296867,0.03343333303928375,0.036801233887672424,0.024382716044783592,0.05646790191531181,0.24487777054309845,0.2663876414299011,0.15054814517498016,0.0011975308880209923,8.641975000500679e-06,0.0
126.jpg,126.jpg,424.0,371.0,1.1428571428571428,0.9105251431465149,0.9109405875205994,0.9107978940010071,0.24378721415996552,0.24319612979888916,0.24340833723545074,0.9108419418334961,0.24333573877811432,0.11120772688356165,0.030901947990059853,0.009313177317380905,0.010686314664781094,0.01102959830313921,0.007386970333755016,0.004742409568279982,0.005657834466546774,0.006700401660054922,0.007272542454302311,0.006770330015569925,0.008296038024127483,0.005746833980083466,0.006865686737000942,0.010241316631436348,0.01170345302671194,0.8566851615905762
127.jpg,127.jpg,196.0,257.0,0.7626459143968871,0.9264230132102966,0.9156155586242676,0.9189335107803345,0.17588423192501068,0.1763800084590912,0.17710953950881958,0.918151319026947,0.17628708481788635,0.07793971319871232,0.0022036051377654076,0.00383149366825819,0.00623362185433507,0.009409989230334759,0.009171762503683567,0.010184229351580143,0.009687921963632107,0.00990629754960537,0.009330580942332745,0.009548955596983433,0.009648216888308525,0.009807035326957703,0.01022393349558115,0.012427539564669132,0.06168109178543091,0.816703736782074
128.jpg,128.jpg,2400.0,3600.0,0.6666666666666666,0.35978963971138,0.31473350524902344,0.27110692858695984,0.12908700108528137,0.14097289741039276,0.14513397216796875,0.32116231322288513,0.1380186527967453,0.101287841796875,0.00030173611594364047,0.0025681713595986366,0.04316794127225876,0.2886140048503876,0.29341503977775574,0.15977743268013,0.07673449069261551,0.06740671396255493,0.009515046142041683,0.00943171326071024,0.00844444427639246,0.009405439719557762,0.011634722352027893,0.010105208493769169,0.006529050879180431,0.002948842477053404
129.jpg,129.jpg,400.0,436.0,0.9174311926605505,0.9083142280578613,0.9083142280578613,0.9083142280578613,0.28858184814453125,0.28858184814453125,0.28858184814453125,0.9083141088485718,0.28858184814453125,0.09985439068100359,0.09168577939271927,0.0,0.0,0.0,0.0,0.0,0.0,0.0,0.0,0.0,0.0,0.0,0.0,0.0,0.0,0.9083142280578613
13.jpg,13.jpg,1280.0,720.0,1.7777777777777777,0.9266023635864258,0.9255692362785339,0.9188055992126465,0.13953304290771484,0.15149948000907898,0.14485931396484375,0.925301194190979,0.14559224247932434,0.11134958791208792,0.0009374999790452421,0.002993706613779068,0.004008246585726738,0.0041449652053415775,0.003752170130610466,0.0037467447109520435,0.004650607705116272,0.0060308161191642284,0.007929687388241291,0.011856554076075554,0.019480252638459206,0.021703559905290604,0.021708983927965164,0.07494249194860458,0.10602213442325592,0.706091582775116
14.jpg,14.jpg,864.0,1152.0,0.75,0.5952514410018921,0.5771628022193909,0.5645167231559753,0.0921056792140007,0.08991310000419617,0.08897385001182556,0.580095112323761,0.09017718583345413,0.02410190615835777,5.62628592888359e-05,0.00048124839668162167,0.0010448816465213895,0.0027398003730922937,0.007688922807574272,0.014002419076859951,0.032824356108903885,0.13025154173374176,0.23902170360088348,0.1575591117143631,0.4083799421787262,0.005931713152676821,1.6075102394097485e-05,2.0093877992621856e-06,0.0,0.0
15.jpg,15.jpg,635.0,386.0,1.645077720207254,0.9094010591506958,0.9037175178527832,0.919715404510498,0.20978407561779022,0.20780573785305023,0.20923775434494019,0.9060788750648499,0.208305224776268,0.08881383610451306,0.022251233458518982,0.009077557362616062,0.007290604058653116,0.006393047980964184,0.006356329657137394,0.006127860862761736,0.005944269709289074,0.005389417055994272,0.005442454479634762,0.005307821091264486,0.005752519238740206,0.006205377168953419,0.0068499855697155,0.008543103002011776,0.041972991079092026,0.85109543800354
16.jpg,16.jpg,304.0,166.0,1.8313253012048192,0.9099276065826416,0.9021933674812317,0.8948332071304321,0.1698613166809082,0.17237645387649536,0.1727520227432251,0.9033060669898987,0.1716717928647995,0.1390224358974359,0.0003170577110722661,0.002179771661758423,0.0011691502295434475,0.002853519283235073,0.004874762147665024,0.010423271916806698,0.015654724091291428,0.016645530238747597,0.02288760244846344,0.0260779969394207,0.02508719079196453,0.024571971967816353,0.03170577064156532,0.03323161229491234,0.06699825823307037,0.7153218388557434
17.jpg,17.jpg,1227.0,1600.0,0.766875,0.6998913884162903,0.6985440850257874,0.7018104195594788,0.10429121553897858,0.1068747267127037,0.10985102504491806,0.6990658640861511,0.1063569188117981,0.06342670795795796,0.002490321872755885,0.005102893337607384,0.0043286471627652645,0.0037617154885083437,0.003374083200469613,0.0033582926262170076,0.005144152324646711,0.006119600497186184,0.020083537325263023,0.14686328172683716,0.10075743496417999,0.36203697323799133,0.3293749988079071,0.006477689370512962,0.00037948248791508377,0.0003468826471362263
18.jpg,18.jpg,500.0,389.0,1.2853470437017995,0.92390376329422,0.9228172302246094,0.9232699275016785,0.21774937212467194,0.22074179351329803,0.2196619212627411,0.9230809211730957,0.21998359262943268,0.09833720722331486,0.0029717222787439823,0.01905912533402443,0.018133675679564476,0.009136246517300606,0.009552699513733387,0.008087403140962124,0.006215938366949558,0.007197943516075611,0.006632390897721052,0.004478149116039276,0.0048843189142644405,0.004622107837349176,0.00968637503683567,0.009290488436818123,0.012385603971779346,0.8676658272743225
19.jpg,19.jpg,640.0,644.0,0.9937888198757764,0.9274722933769226,0.9227187037467957,0.9463508725166321,0.107701875269413,0.1071629747748375,0.10883278399705887,0.9254326820373535,0.10738424956798553,0.0825176313229572,0.0,4.852484380535316e-06,5.0951086450368166e-05,0.0007205939618870616,0.0033773290924727917,0.0077518438920378685,0.008508831262588501,0.007169545628130436,0.006317934952676296,0.006104425527155399,0.006174786482006311,0.006017080973833799,0.006376164499670267,0.011966226622462273,0.18380968272686005,0.7456497550010681
2.jpg,2.jpg,720.0,1280.0,0.5625,0.5370882749557495,0.5319645404815674,0.5170803666114807,0.12552346289157867,0.13303178548812866,0.15110893547534943,0.5319802165031433,0.13192041218280792,0.056061126373626376,0.0017523871501907706,0.026759982109069824,0.018713107332587242,0.01587456651031971,0.025491535663604736,0.040898438543081284,0.041008029133081436,0.04877821356058121,0.20919162034988403,0.3849782943725586,0.1855154037475586,0.0004741753509733826,0.0002734375011641532,0.0001226128515554592,8.680555765749887e-05,8.138021075865254e-05
20.jpg,20.jpg,200.0,274.0,0.7299270072992701,0.832845151424408,0.8149476647377014,0.9177395105361938,0.14163637161254883,0.14088411629199982,0.14942580461502075,0.8261621594429016,0.1413518190383911,0.11763392857142857,9.124087227974087e-05,0.0006204379606060684,0.0010583942057564855,0.004580291919410229,0.009598540142178535,0.012992700561881065,0.014270072802901268,0.01598540134727955,0.01967153325676918,0.02031021937727928,0.021551094949245453,0.022262774407863617,0.033740874379873276,0.5375547409057617,0.22582116723060608,0.0598905123770237
21.jpg,21.jpg,750.0,435.0,1.7241379310344827,0.5347821712493896,0.5281539559364319,0.5124207735061646,0.06373190134763718,0.0619741715490818,0.06940227001905441,0.5284280180931091,0.06190701201558113,0.046352395124716554,0.0007478927145712078,0.0023264368064701557,0.005017624702304602,0.0076137930154800415,0.009186207316815853,0.014304980635643005,0.01805976964533329,0.04136398434638977,0.8465532660484314,0.05401379242539406,0.0008030651370063424,9.195402526529506e-06,0.0,0.0,0.0,0.0
22.jpg,22.jpg,400.0,334.0,1.1976047904191616,0.551969051361084,0.4995642900466919,0.41022932529449463,0.296125203371048,0.273836225271225,0.22995448112487793,0.5042592287063599,0.2752707600593567,0.11592371323529412,0.20264221727848053,0.008884730748832226,0.009752994403243065,0.012110778130590916,0.013585329055786133,0.015621257945895195,0.01969311386346817,0.03318862244486809,0.06526946276426315,0.10026197880506516,0.17297904193401337,0.291369765996933,0.044775448739528656,0.007776946295052767,0.0015643712831661105,0.0005239520687609911
23.jpg,23.jpg,602.0,803.0,0.7496886674968867,0.7032595276832581,0.6683663725852966,0.649165689945221,0.11760270595550537,0.11522427946329117,0.11633940786123276,0.6743965744972229,0.11577040702104568,0.018649193548387098,8.481483382638544e-05,0.00027926836628466845,0.0007881573401391506,0.0011232794495299459,0.0013591060414910316,0.0013797925785183907,0.0021576066501438618,0.07043768465518951,0.11483721435070038,0.18396958708763123,0.15030016005039215,0.1344790905714035,0.23639342188835144,0.10127098113298416,0.0011005242122337222,3.9304435631493106e-05
24.jpg,24.jpg,1734.0,2307.0,0.7516254876462939,0.5743642449378967,0.5651748776435852,0.5683104395866394,0.10637794435024261,0.11733849346637726,0.12259899079799652,0.5673537850379944,0.11507285386323929,0.032869944852941174,0.013452863320708275,0.01141753513365984,0.015924904495477676,0.003961915150284767,0.004317885264754295,0.0071206483989953995,0.012098227627575397,0.042874377220869064,0.11337141692638397,0.5504384636878967,0.2026623785495758,0.022355610504746437,3.7496831737371394e-06,0.0,0.0,0.0
25.jpg,25.jpg,400.0,347.0,1.1527377521613833,0.5433207750320435,0.5010704398155212,0.41726571321487427,0.32174187898635864,0.3016150891780853,0.2521926164627075,0.5040063261985779,0.302197128534317,0.08752409438351612,0.25946685671806335,0.006224784068763256,0.003695965511724353,0.004048991482704878,0.004927953705191612,0.006952449679374695,0.009409221820533276,0.013580692000687122,0.02182997204363346,0.04855187237262726,0.15365274250507355,0.418364554643631,0.04127521440386772,0.0064193084836006165,0.001275216112844646,0.0003242075035814196
26.jpg,26.jpg,440.0,334.0,1.3173652694610778,0.8651411533355713,0.9062073826789856,0.9087337851524353,0.20177514851093292,0.1961863487958908,0.20888034999370575,0.8976628184318542,0.19734804332256317,0.095790059347181,0.003688078373670578,0.0035724006593227386,0.00952640175819397,0.01274496503174305,0.009614861570298672,0.010894120670855045,0.012261839583516121,0.013296134769916534,0.013615950010716915,0.016120033338665962,0.012833423912525177,0.01504490990191698,0.0200530756264925,0.02189711481332779,0.06454817950725555,0.7602885365486145
27.jpg,27.jpg,921.0,1361.0,0.6767083027185893,0.9547724723815918,0.9536278247833252,0.9551095962524414,0.1596730500459671,0.16217470169067383,0.15744927525520325,0.9539780616760254,0.16125479340553284,0.12667410714285715,0.007408169563859701,0.003379389178007841,0.0031304822769016027,0.003590002655982971,0.004162807483226061,0.006416531279683113,0.009633971378207207,0.007581287529319525,0.005507064051926136,0.004870436619967222,0.0046319011598825455,0.004669396672397852,0.004609563387930393,0.004698116797953844,0.014603332616388798,0.9111075401306152
28.jpg,28.jpg,576.0,1024.0,0.5625,0.7225760817527771,0.6927234530448914,0.6611661911010742,0.14901453256607056,0.1534542590379715,0.15811806917190552,0.6967918276786804,0.15233585238456726,0.05232657967032967,0.0005272759590297937,0.00658331997692585,0.00530158169567585,0.0074869790114462376,0.01043022982776165,0.01402960903942585,0.01564534567296505,0.0658925399184227,0.02448187954723835,0.037872314453125,0.2227766215801239,0.2005140483379364,0.2242652028799057,0.0841301828622818,0.0505625419318676,0.02950032614171505
29.jpg,29.jpg,685.0,938.0,0.7302771855010661,0.9064850807189941,0.9064850807189941,0.9064850807189941,0.24076983332633972,0.24076983332633972,0.24076983332633972,0.9064850807189941,0.24076980352401733,0.11676190476190476,0.020772570744156837,0.018070751801133156,0.010738798417150974,0.008636172860860825,0.0090345973148942,0.007117177359759808,0.00854590442031622,0.010105364955961704,0.007570074405521154,0.006614477373659611,0.009160662069916725,0.008662630803883076,0.00915443617850542,0.010799495503306389,0.017454437911510468,0.8375624418258667
3.jpg,3.jpg,400.0,261.0,1.5325670498084292,0.8875738382339478,0.8334068059921265,0.6823427081108093,0.18819034099578857,0.1866813451051712,0.17665421962738037,0.8340256214141846,0.1859416961669922,0.10535913584183673,0.005641762632876635,0.007231800816953182,0.008793103508651257,0.011101532727479935,0.01209770143032074,0.013045976869761944,0.012538313865661621,0.01311302650719881,0.013266283087432384,0.014166667126119137,0.014454022981226444,0.018170498311519623,0.03196360170841217,0.1671934872865677,0.5467720031738281,0.11045019328594208
30.jpg,30.jpg,1299.0,1600.0,0.811875,0.6805598139762878,0.6786544322967529,0.6781145930290222,0.09560191631317139,0.09799616783857346,0.08914216607809067,0.6790204644203186,0.09642412513494492,0.0565452847805789,0.0023368936963379383,0.004378368146717548,0.0039241723716259,0.0032443224918097258,0.00302829104475677,0.003421381814405322,0.005590839311480522,0.006530504208058119,0.02420756407082081,0.1639944165945053,0.10608015954494476,0.6000476479530334,0.07255725562572479,0.0006466512568295002,1.1066204933740664e-05,4.811393523596053e-07
31.jpg,31.jpg,400.0,435.0,0.9195402298850575,0.9423435926437378,0.9421892166137695,0.9422935247421265,0.1931241899728775,0.19322918355464935,0.19320131838321686,0.9422293305397034,0.1932043731212616,0.08644334532374101,0.0007988505531102419,0.023091953247785568,0.013683907687664032,0.0039482759311795235,0.004034482873976231,0.003856321796774864,0.004316092003136873,0.0034597699996083975,0.0035517241340130568,0.00449425308033824,0.0050229886546730995,0.005281609017401934,0.0051781609654426575,0.005109195597469807,0.011770115233957767,0.9024022817611694
32.jpg,32.jpg,312.0,500.0,0.624,0.7814432382583618,0.8184005618095398,0.8041886687278748,0.09936061501502991,0.0877147689461708,0.08331295102834702,0.8095225095748901,0.08931457251310349,0.07310403963414634,0.0,0.0,0.0,0.0,0.000538461550604552,0.005423076916486025,0.012730768881738186,0.012249999679625034,0.01289102528244257,0.014442307874560356,0.017461538314819336,0.02153846062719822,0.14277563989162445,0.7425512671470642,0.017346153035759926,5.1282051572343335e-05
33.jpg,33.jpg,960.0,1280.0,0.75,0.7011216282844543,0.7046940326690674,0.6789250373840332,0.07459153234958649,0.0695645734667778,0.06665100157260895,0.70207679271698,0.06960908323526382,0.057459677419354836,0.0,0.0,0.0,6.347656017169356e-05,0.0014900716487318277,0.006161295343190432,0.009944661520421505,0.013188476674258709,0.019176432862877846,0.028358561918139458,0.21770182251930237,0.5206900835037231,0.1832250952720642,0.0,0.0,0.0
34.jpg,34.jpg,640.0,737.0,0.8683853459972863,0.8041412234306335,0.801813542842865,0.7603419423103333,0.1264462023973465,0.13022948801517487,0.11317159235477448,0.7993180155754089,0.12774135172367096,0.05196375425170068,2.54409769695485e-05,0.00047065806575119495,0.001876272028312087,0.0038352273404598236,0.005011872388422489,0.0048507461324334145,0.004568775650113821,0.005013992544263601,0.015654681250452995,0.03824838995933533,0.08002035319805145,0.14461499452590942,0.17525865137577057,0.21385473012924194,0.22694623470306396,0.0797489807009697
35.jpg,35.jpg,232.0,218.0,1.0642201834862386,0.9495782256126404,0.9495782256126404,0.9495782256126404,0.12404197454452515,0.12404197454452515,0.12404197454452515,0.9495782256126404,0.12404197454452515,0.08712948069852941,0.0006722556427121162,0.0006327111623249948,0.000889750081114471,0.002174944616854191,0.002926289103925228,0.0037962670903652906,0.0053978171199560165,0.006129389628767967,0.008581145666539669,0.010934039950370789,0.014868712052702904,0.014532584697008133,0.014888484962284565,0.015501423738896847,0.03918854892253876,0.858885645866394
36.jpg,36.jpg,604.0,900.0,0.6711111111111111,0.8075278997421265,0.8046966195106506,0.7994801998138428,0.15951226651668549,0.16126739978790283,0.1604938954114914,0.8049221634864807,0.16054999828338623,0.09219160104986876,0.006100073456764221,0.002106328262016177,0.0029654158279299736,0.004626563750207424,0.00687637971714139,0.009527225978672504,0.01006806455552578,0.011782560497522354,0.016598602756857872,0.03221670165657997,0.058857616037130356,0.07390544563531876,0.18457873165607452,0.20917770266532898,0.2140102982521057,0.15660227835178375
37.jpg,37.jpg,750.0,575.0,1.3043478260869565,0.9062361121177673,0.8369204998016357,0.6584257483482361,0.10598566383123398,0.10314397513866425,0.09576737135648727,0.8387805223464966,0.10292468219995499,0.07813673048048048,0.0014284057542681694,0.0017298550810664892,0.0021055073011666536,0.0021588406525552273,0.002453333232551813,0.003042318858206272,0.005008695647120476,0.008183188736438751,0.010840579867362976,0.010828985832631588,0.010441739112138748,0.012660869397222996,0.04628405719995499,0.5894863605499268,0.2927860915660858,0.000561159395147115
38.jpg,38.jpg,1800.0,2559.0,0.7033997655334114,0.6133896112442017,0.6342655420303345,0.5977944731712341,0.10128215700387955,0.11608470231294632,0.12426681816577911,0.6271998882293701,0.11195825785398483,0.05793732782369146,6.512960908366949e-07,0.0008503755670972168,0.006290217395871878,0.011838608421385288,0.018632495775818825,0.040331292897462845,0.017305154353380203,0.011844687163829803,0.015939602628350258,0.14115604758262634,0.5100536346435547,0.22548086941242218,0.0002763666270766407,0.0,0.0,0.0
39.jpg,39.jpg,262.0,193.0,1.3575129533678756,0.9377085566520691,0.9382772445678711,0.9402951598167419,0.14259757101535797,0.1427118331193924,0.1365840584039688,0.9383018612861633,0.1421585977077484,0.11684978386167147,0.0005537317483685911,0.0006921647000126541,0.0006130601395852864,0.0016414191341027617,0.0027884349692612886,0.004845153074711561,0.008088438771665096,0.012755606323480606,0.018846655264496803,0.016077997162938118,0.01562314573675394,0.017442550510168076,0.017996281385421753,0.020784717053174973,0.04129256680607796,0.8199580907821655
4.jpg,4.jpg,2400.0,3600.0,0.6666666666666666,0.3039529025554657,0.3039529025554657,0.3039529025554657,0.4599623680114746,0.4599623680114746,0.4599623680114746,0.3039528727531433,0.4599623680114746,0.10135904947916667,0.6960471272468567,0.0,0.0,0.0,0.0,0.0,0.0,0.0,0.0,0.0,0.0,0.0,0.0,0.0,0.0,0.3039529025554657
40.jpg,40.jpg,720.0,1280.0,0.5625,0.7031369805335999,0.6939215064048767,0.6668045520782471,0.20699405670166016,0.20507672429084778,0.19945687055587769,0.6939248442649841,0.20477235317230225,0.03458104395604396,0.06790690124034882,0.005834418348968029,0.0006119791651144624,0.0012424045708030462,0.0026497396174818277,0.0036067708861082792,0.0058029512874782085,0.007233073003590107,0.0074055991135537624,0.008862847462296486,0.1925705224275589,0.26276475191116333,0.19952908158302307,0.2239561676979065,0.009994574822485447,2.821180532919243e-05
41.jpg,41.jpg,400.0,461.0,0.8676789587852495,0.9349783062934875,0.9349783062934875,0.9349783062934875,0.246564120054245,0.246564120054245,0.246564120054245,0.9349782466888428,0.2465641051530838,0.07183527542372882,0.06502169370651245,0.0,0.0,0.0,0.0,0.0,0.0,0.0,0.0,0.0,0.0,0.0,0.0,0.0,0.0,0.9349783062934875
42.jpg,42.jpg,944.0,1164.0,0.8109965635738832,0.9586523175239563,0.9356198310852051,0.9291895031929016,0.15741413831710815,0.14287379384040833,0.13028308749198914,0.9400503635406494,0.14455102384090424,0.0439360119047619,0.009090693667531013,0.0030032326467335224,0.0022114713210612535,0.0022324027959257364,0.0023452516179531813,0.004383809398859739,0.006063799373805523,0.005528678186237812,0.004027971997857094,0.0038095549680292606,0.003937874920666218,0.005896346643567085,0.004597675986588001,0.0053575849160552025,0.011195686645805836,0.9263179898262024
43.jpg,43.jpg,276.0,400.0,0.69,0.694779098033905,0.6987618207931519,0.6868211030960083,0.1016593649983406,0.1058405339717865,0.11373158544301987,0.6970545053482056,0.10519376397132874,0.08538999326145552,0.0007155797211453319,0.0010869564721360803,0.002635869663208723,0.005851449444890022,0.008641304448246956,0.009021739475429058,0.013994565233588219,0.02351449243724346,0.021666666492819786,0.026884058490395546,0.16620470583438873,0.46637681126594543,0.23298007249832153,0.015208333730697632,0.004266304429620504,0.0009510869276709855
44.jpg,44.jpg,800.0,458.0,1.7467248908296944,0.9356143474578857,0.9354514479637146,0.9353362321853638,0.18951670825481415,0.189442440867424,0.18964029848575592,0.9354778528213501,0.18947134912014008,0.09709696588366891,0.010611353442072868,0.007734715938568115,0.006806768476963043,0.007098799105733633,0.0068122269585728645,0.006484716199338436,0.006170851644128561,0.005425764247775078,0.005865174811333418,0.005589519627392292,0.006252729333937168,0.00688864616677165,0.00815502181649208,0.008755458518862724,0.021323690190911293,0.8800245523452759
45.jpg,45.jpg,1024.0,1024.0,1.0,0.5010947585105896,0.4966074228286743,0.48709607124328613,0.1958661824464798,0.19775791466236115,0.18877120316028595,0.496875137090683,0.19640778005123138,0.07879638671875,0.10138225555419922,0.0075550079345703125,0.0152587890625,0.026691436767578125,0.01630878448486328,0.014676094055175781,0.03295707702636719,0.11223125457763672,0.19330692291259766,0.23454761505126953,0.17559814453125,0.06676578521728516,0.0023870468139648438,0.000278472900390625,5.435943603515625e-05,9.5367431640625e-07
46.jpg,46.jpg,768.0,1024.0,0.75,0.7603919506072998,0.7415609955787659,0.7206165790557861,0.154338538646698,0.1603749394416809,0.15864600241184235,0.7440525889396667,0.15870150923728943,0.03558009530791789,4.069010537932627e-05,0.0102628068998456,0.0257415771484375,0.010013580322265625,0.0111325578764081,0.014452616684138775,0.0054715475998818874,0.004108428955078125,0.0055529274977743626,0.0047594704665243626,0.008235931396484375,0.1032257080078125,0.5722935795783997,0.21602630615234375,0.0086733503267169,8.900959983293433e-06
47.jpg,47.jpg,191.0,263.0,0.7262357414448669,0.8289005160331726,0.8096522688865662,0.916684627532959,0.13240453600883484,0.13324779272079468,0.13684764504432678,0.8214594721794128,0.13310252130031586,0.11795321377840909,0.0010749904904514551,0.000776382046751678,0.0016722074942663312,0.003503672778606415,0.008659645915031433,0.009615193121135235,0.01222304068505764,0.014850795269012451,0.022773873060941696,0.019170664250850677,0.01793641597032547,0.022415542975068092,0.04520932585000992,0.6242510080337524,0.1847590208053589,0.011108235456049442
48.jpg,48.jpg,424.0,224.0,1.8928571428571428,0.9288898706436157,0.9288412928581238,0.9288898706436157,0.2100994884967804,0.21009713411331177,0.2100994884967804,0.9288550615310669,0.21009770035743713,0.08291096332644628,0.01625673845410347,0.008675876073539257,0.007443985901772976,0.007401870097965002,0.007549275644123554,0.007243935484439135,0.00710705853998661,0.006538494024425745,0.007401870097965002,0.0074755726382136345,0.007980963215231895,0.007707210257649422,0.009939352981746197,0.010107817128300667,0.014172001741826534,0.8669979572296143
49.jpg,49.jpg,462.0,283.0,1.6325088339222615,0.9086328744888306,0.9406048059463501,0.9564953446388245,0.10876497626304626,0.10868606716394424,0.11022194474935532,0.9349564909934998,0.10878026485443115,0.029329661270983215,0.0015143866185098886,0.0032429290004074574,0.0032658742275089025,0.0027534302789717913,0.00234806421212852,0.002149205422028899,0.00224098633043468,0.001988588599488139,0.0021415569353848696,0.001912104431539774,0.0022562830708920956,0.0027381335385143757,0.003388249082490802,0.012038609012961388,0.27314794063568115,0.6828736662864685
5.jpg,5.jpg,1024.0,1024.0,1.0,0.6813682913780212,0.6769602298736572,0.6789681911468506,0.09563226252794266,0.08611084520816803,0.08494383841753006,0.6780418157577515,0.08716248720884323,0.046142578125,0.00014972686767578125,0.0011034011840820312,0.0034856796264648438,0.0055866241455078125,0.0055942535400390625,0.004711151123046875,0.0051555633544921875,0.019609451293945312,0.009726524353027344,0.010949134826660156,0.5877323150634766,0.2323923110961914,0.07931900024414062,0.03446483612060547,2.002716064453125e-05,0.0
50.jpg,50.jpg,701.0,1000.0,0.701,0.7096426486968994,0.714307427406311,0.7538421750068665,0.14584653079509735,0.14386843144893646,0.14182047545909882,0.7161665558815002,0.14408478140830994,0.1000535102739726,0.0006034236866980791,0.0030014265794306993,0.005870185326784849,0.008572040125727654,0.009644793346524239,0.012359486892819405,0.01793295331299305,0.04199286550283432,0.04592011496424675,0.05777888745069504,0.07613837718963623,0.16483594477176666,0.32388588786125183,0.22940941154956818,0.002047075657173991,7.132667633413803e-06
51.jpg,51.jpg,685.0,915.0,0.7486338797814208,0.7562562227249146,0.7721447944641113,0.7801885604858398,0.25650396943092346,0.24514265358448029,0.24068504571914673,0.7693484425544739,0.2457476109266281,0.09262262089586568,0.0213776882737875,0.017457621172070503,0.0253057312220335,0.03155997022986412,0.01538351085036993,0.0067679788917303085,0.00669777812436223,0.007647082209587097,0.009794583544135094,0.02437557280063629,0.03626660257577896,0.05653543770313263,0.12870647013187408,0.14467711746692657,0.3096837103366852,0.15776315331459045
52.jpg,52.jpg,1023.0,770.0,1.3285714285714285,0.8644178509712219,0.8156997561454773,0.7136407494544983,0.19864973425865173,0.18540295958518982,0.17696404457092285,0.8186936378479004,0.1870882511138916,0.10070082720588236,6.728364678565413e-05,0.0024717217311263084,0.023396935313940048,0.030348733067512512,0.011509311385452747,0.006664889398962259,0.005744500085711479,0.005157989449799061,0.004939635284245014,0.00524939363822341,0.006011095363646746,0.008918256498873234,0.05806959420442581,0.4323773980140686,0.31906285881996155,0.08001040667295456
53.jpg,53.jpg,810.0,1053.0,0.7692307692307693,0.9534063935279846,0.9539841413497925,0.9530832767486572,0.13473625481128693,0.13337677717208862,0.13546068966388702,0.9537964463233948,0.1336592137813568,0.10330384036144578,2.344858330616262e-06,8.324247028212994e-05,0.000678836484439671,0.002817347180098295,0.006723881233483553,0.00853645708411932,0.008224590681493282,0.007484787609428167,0.008325419388711452,0.00791858695447445,0.007451959885656834,0.007576237432658672,0.008992531336843967,0.010856693610548973,0.03158172592520714,0.8827453851699829
54.jpg,54.jpg,600.0,424.0,1.4150943396226414,0.9086964130401611,0.9083490371704102,0.9108136892318726,0.23635664582252502,0.23739281296730042,0.23247262835502625,0.9086005687713623,0.23680131137371063,0.08652020027624309,0.004174528177827597,0.007543238811194897,0.04595518857240677,0.01589229516685009,0.004457547329366207,0.0036831761244684458,0.004768081940710545,0.004925314337015152,0.0059787738136947155,0.0066705974750220776,0.00795990601181984,0.008156446740031242,0.00939465407282114,0.011222484521567822,0.020102201029658318,0.839115560054779
55.jpg,55.jpg,648.0,839.0,0.7723480333730631,0.5672532320022583,0.582582414150238,0.5930915474891663,0.07650647312402725,0.07575061172246933,0.07490456104278564,0.5800826549530029,0.07571925222873688,0.053814199395770396,0.0,3.494754128041677e-05,0.0006879147840663791,0.0034303772263228893,0.0072488561272621155,0.010184449143707752,0.020534439012408257,0.06545858830213547,0.22055578231811523,0.45999976992607117,0.13452965021133423,0.07717520743608475,0.0001600229588802904,0.0,0.0,0.0
56.jpg,56.jpg,537.0,403.0,1.3325062034739454,0.9007699489593506,0.9006889462471008,0.9007699489593506,0.267009437084198,0.26698943972587585,0.267009437084198,0.9007120132446289,0.26699498295783997,0.08492943548387097,0.05840738117694855,0.009500441141426563,0.004768704064190388,0.0042373077012598515,0.00439903698861599,0.004301999229937792,0.004713254049420357,0.004643941298127174,0.0047363582998514175,0.004884224850684404,0.005572729744017124,0.0060440548695623875,0.007148435339331627,0.007550448179244995,0.017397452145814896,0.8516942262649536
57.jpg,57.jpg,984.0,1138.0,0.8646748681898067,0.9541056752204895,0.9541056752204895,0.9541056752204895,0.20189876854419708,0.20189876854419708,0.20189876854419708,0.9541055560112,0.2018987238407135,0.047521642736486486,0.03811958059668541,0.0010198322124779224,0.0010912740835919976,0.0010823438642546535,0.0010028647957369685,0.0008823067182675004,0.0019039249746128917,0.0010162601247429848,0.00108770199585706,0.0011109205661341548,0.0010207252344116569,0.0010948461713269353,0.0009787532035261393,0.0012975623831152916,0.0011412834282964468,0.9461498260498047
58.jpg,58.jpg,1024.0,1024.0,1.0,0.5885878801345825,0.5903493762016296,0.5773354768753052,0.049425821751356125,0.05706288293004036,0.05542118102312088,0.5890366435050964,0.0548890195786953,0.0298919677734375,8.58306884765625e-06,0.00013256072998046875,0.000812530517578125,0.0025806427001953125,0.004589080810546875,0.006075859069824219,0.006861686706542969,0.008719444274902344,0.2371845245361328,0.5041131973266602,0.22862815856933594,0.00029277801513671875,9.5367431640625e-07,0.0,0.0,0.0
59.jpg,59.jpg,1000.0,562.0,1.7793594306049823,0.4595353901386261,0.4599716067314148,0.4554784595966339,0.08521898090839386,0.08790985494852066,0.09677144885063171,0.45955488085746765,0.08739961683750153,0.05714285714285714,0.005112099461257458,0.006156583782285452,0.010959074832499027,0.028391459956765175,0.027485765516757965,0.04489145800471306,0.05259430781006813,0.8001477122306824,0.017633451148867607,2.6690391678130254e-05,0.0004377224249765277,6.761565600754693e-05,0.003259786404669285,0.0028362988959997892,0.0,0.0
6.jpg,6.jpg,675.0,1200.0,0.5625,0.6490238308906555,0.6412782073020935,0.6192936897277832,0.06797221302986145,0.0787234976887703,0.10009650141000748,0.6413390636444092,0.0774049311876297,0.026390796703296703,0.0,0.0,0.0,0.0006679012440145016,0.003800000064074993,0.014033333398401737,0.02137036994099617,0.017002468928694725,0.06213580071926117,0.15967531502246857,0.4714629650115967,0.23877036571502686,0.011081481352448463,0.0,0.0,0.0
60.jpg,60.jpg,824.0,1280.0,0.64375,0.5905413627624512,0.5789520740509033,0.5401046276092529,0.289955198764801,0.2832821011543274,0.26644134521484375,0.5786138772964478,0.2833704352378845,0.06701239689830592,0.132480651140213,0.025426654145121574,0.024998104199767113,0.018812576308846474,0.013093522749841213,0.010966891422867775,0.01206670980900526,0.009600652381777763,0.010326911695301533,0.02495543844997883,0.19491618871688843,0.22163702547550201,0.2233995795249939,0.06655889749526978,0.005987370852380991,0.004772830754518509
61.jpg,61.jpg,755.0,901.0,0.8379578246392897,0.9554060697555542,0.9601480960845947,0.9620904922485352,0.13773803412914276,0.1298789530992508,0.12458471208810806,0.9592801332473755,0.13100919127464294,0.09275102459016393,0.0,0.0,0.0,0.0002058051759377122,0.003882367629557848,0.00827189814299345,0.01260409690439701,0.010166775435209274,0.008968695998191833,0.009209781885147095,0.008480642922222614,0.008248377591371536,0.009208311326801777,0.010297608561813831,0.013508169911801815,0.89694744348526
62.jpg,62.jpg,560.0,560.0,1.0,0.8335166573524475,0.8094873428344727,0.7768619060516357,0.061174314469099045,0.06397714465856552,0.05900466814637184,0.8122413158416748,0.06274283677339554,0.045623779296875,0.0,0.0,0.0,9.566326298227068e-06,0.00019770408107433468,0.0009980867616832256,0.002436224604025483,0.004062499850988388,0.00540816318243742,0.00900829117745161,0.0167984701693058,0.056951530277729034,0.32946428656578064,0.526183009147644,0.048051659017801285,0.00043048468069173396
63.jpg,63.jpg,2061.0,2270.0,0.9079295154185022,0.8160894513130188,0.823174238204956,0.9064393639564514,0.3375452160835266,0.3241329789161682,0.1805909276008606,0.8276717066764832,0.31619617342948914,0.04677769128113879,0.0003860236320178956,0.0004041919601149857,0.0009064929326996207,0.1865340620279312,0.005446652416139841,0.005437674932181835,0.006520080380141735,0.006849675439298153,0.004316582344472408,0.0030289816204458475,0.0028968872502446175,0.004510662518441677,0.00442922580987215,0.005035406909883022,0.00950716808438301,0.7537902593612671
64.jpg,64.jpg,680.0,446.0,1.5246636771300448,0.7977721691131592,0.7997632622718811,0.8694371581077576,0.06216518208384514,0.06057457625865936,0.04793320596218109,0.804363489151001,0.059662964195013046,0.07694310897435898,0.0,0.0,0.0,0.0,0.0,3.297283001302276e-06,0.00037259297096170485,0.004332629963755608,0.011395410634577274,0.017422843724489212,0.02050909958779812,0.04031917825341225,0.3555625081062317,0.5454233884811401,0.004645871929824352,1.3189132005209103e-05
65.jpg,65.jpg,584.0,892.0,0.6547085201793722,0.9563546776771545,0.9549925327301025,0.9561658501625061,0.13246868550777435,0.13209842145442963,0.1327865868806839,0.9553666114807129,0.13222315907478333,0.05329883312020461,1.5357209122157656e-05,0.00048183242324739695,0.0028967533726245165,0.006889627780765295,0.008066373877227306,0.006524893920868635,0.0051005128771066666,0.004276982508599758,0.003944883123040199,0.0037740340922027826,0.003722203429788351,0.0039276061579585075,0.0045092604123055935,0.005012209061533213,0.013166886754333973,0.9276905655860901
66.jpg,66.jpg,2400.0,3600.0,0.6666666666666666,0.732690155506134,0.6896371841430664,0.6455714702606201,0.14479944109916687,0.1438402533531189,0.12991370260715485,0.6956086754798889,0.14266543090343475,0.10178629557291667,0.003128472249954939,0.006728935055434704,0.010120485909283161,0.010974768549203873,0.009535185061395168,0.008490393869578838,0.009071990847587585,0.011791666969656944,0.0535394661128521,0.07592002302408218,0.1275540441274643,0.26048994064331055,0.3166026473045349,0.09009236097335815,0.004936921410262585,0.0010226852027699351
67.jpg,67.jpg,1200.0,1600.0,0.75,0.6730631589889526,0.6677095890045166,0.6663644313812256,0.07957471162080765,0.07804455608129501,0.068293496966362,0.6687500476837158,0.07752477377653122,0.05825009164222874,3.9062499126885086e-05,0.0023640624713152647,0.005321354139596224,0.0033703125081956387,0.003709895769134164,0.004956250078976154,0.006748437415808439,0.009145833551883698,0.013310937210917473,0.04476354271173477,0.48281925916671753,0.42339688539505005,5.4166666814126074e-05,0.0,0.0,0.0
68.jpg,68.jpg,1637.0,1050.0,1.559047619047619,0.9376847147941589,0.9376847147941589,0.9376847147941589,0.19510097801685333,0.19510097801685333,0.19510097801685333,0.9376847147941589,0.19510096311569214,0.08750391604010026,0.02984262816607952,0.002395787974819541,0.002437676303088665,0.002790237544104457,0.003053786000236869,0.0032289030496031046,0.003423800691962242,0.002894958946853876,0.0029449923895299435,0.0026622451841831207,0.002648282330483198,0.0027530035004019737,0.0034226372372359037,0.004704308230429888,0.023112546652555466,0.9076842069625854
69.jpg,69.jpg,363.0,139.0,2.6115107913669067,0.9301896095275879,0.9304102063179016,0.8893651366233826,0.14562731981277466,0.14616043865680695,0.14649724960327148,0.9274039268493652,0.1460266262292862,0.09431137724550898,1.981885543500539e-05,0.0001981885579880327,0.0016053273575380445,0.0035673941019922495,0.005450185388326645,0.007174425758421421,0.009156310930848122,0.011415661312639713,0.012406603433191776,0.012624611146748066,0.015934359282255173,0.01942247897386551,0.024813206866383553,0.03464335948228836,0.07196226716041565,0.769605815410614
7.jpg,7.jpg,1024.0,1024.0,1.0,0.596515417098999,0.5889028906822205,0.593664824962616,0.10701820999383926,0.0949844941496849,0.08982177078723907,0.5908638834953308,0.09656993299722672,0.085052490234375,0.0004520416259765625,0.0017442703247070312,0.004291534423828125,0.012104034423828125,0.029326438903808594,0.015141487121582031,0.014219284057617188,0.014277458190917969,0.08382606506347656,0.38984107971191406,0.4299659729003906,0.0046825408935546875,0.00012683868408203125,9.5367431640625e-07,0.0,0.0
70.jpg,70.jpg,400.0,461.0,0.8676789587852495,0.9349783062934875,0.9349783062934875,0.9349783062934875,0.246564120054245,0.246564120054245,0.246564120054245,0.9349782466888428,0.2465641051530838,0.07183527542372882,0.06502169370651245,0.0,0.0,0.0,0.0,0.0,0.0,0.0,0.0,0.0,0.0,0.0,0.0,0.0,0.0,0.9349783062934875
71.jpg,71.jpg,1089.0,675.0,1.6133333333333333,0.9659755825996399,0.965408444404602,0.9679918885231018,0.10063612461090088,0.10332042723894119,0.09412988275289536,0.965715229511261,0.10171765089035034,0.10264073849878935,0.00036186783108860254,0.0,6.529945676447824e-05,0.0002965683816000819,0.00029248715145513415,0.0013359180884435773,0.003586028702557087,0.006969356909394264,0.010558106005191803,0.010566269047558308,0.009680644609034061,0.010842431336641312,0.011938917450606823,0.012983709573745728,0.016503077000379562,0.904019296169281
72.jpg,72.jpg,767.0,1023.0,0.7497556207233627,0.8981471061706543,0.8958771228790283,0.9096844792366028,0.12787014245986938,0.12698723375797272,0.12736868858337402,0.8973550200462341,0.12675811350345612,0.12548112170087977,6.372340976668056e-06,6.117447628639638e-05,0.0005378255737014115,0.002489036414772272,0.006485768593847752,0.009366067126393318,0.010031338781118393,0.009682134725153446,0.009111173450946808,0.009206757880747318,0.008331198245286942,0.009048724547028542,0.028959739953279495,0.04754148796200752,0.45379480719566345,0.39534640312194824
73.jpg,73.jpg,864.0,864.0,1.0,0.6187321543693542,0.6071776747703552,0.5851399898529053,0.06704913824796677,0.06801558285951614,0.0760616585612297,0.6080440878868103,0.0679863840341568,0.0394287109375,3.081061367993243e-05,0.00019290123600512743,0.0008399241487495601,0.0046952697448432446,0.007685238961130381,0.009886188432574272,0.010767639614641666,0.012053648009896278,0.07464741915464401,0.4923616349697113,0.35772061347961426,0.028769075870513916,0.0003442751185502857,5.358367616281612e-06,0.0,0.0
74.jpg,74.jpg,960.0,1280.0,0.75,0.7191486358642578,0.6864023804664612,0.6607421636581421,0.1633027046918869,0.16517750918865204,0.16581176221370697,0.6915110945701599,0.164480522274971,0.054126191348973604,8.138021030390519e-07,8.951822564995382e-06,0.0026513671036809683,0.019619140774011612,0.024663085117936134,0.027127278968691826,0.033715005964040756,0.04541259631514549,0.0510978177189827,0.06667155027389526,0.08144531399011612,0.10796386748552322,0.31213459372520447,0.22748371958732605,4.882812390860636e-06,0.0
75.jpg,75.jpg,850.0,721.0,1.1789181692094313,0.8780449032783508,0.8665950894355774,0.8993918895721436,0.09434907883405685,0.09677717089653015,0.08897615224123001,0.8713927865028381,0.09492789208889008,0.09539815199335548,0.0,0.0,0.0,0.0,0.00048788447747938335,0.0022795137483626604,0.006295178085565567,0.008654646575450897,0.012171003967523575,0.01858203485608101,0.02041608840227127,0.01778738759458065,0.02075548656284809,0.041174840182065964,0.8480019569396973,0.0033939790446311235
76.jpg,76.jpg,291.0,173.0,1.6820809248554913,0.9406123161315918,0.9406252503395081,0.9406155943870544,0.20093877613544464,0.20089660584926605,0.20092147588729858,0.9406217932701111,0.20090559124946594,0.06487100290697674,0.025286534801125526,0.0029994240030646324,0.004131656605750322,0.0038932920433580875,0.003635063534602523,0.0021452833898365498,0.005244025960564613,0.0050851162523031235,0.004389885347336531,0.01648689992725849,0.003337107365950942,0.006833124905824661,0.006833124905824661,0.006992034614086151,0.00951472856104374,0.893192708492279
77.jpg,77.jpg,304.0,347.0,0.8760806916426513,0.8978367447853088,0.8978367447853088,0.8978367447853088,0.30286288261413574,0.30286288261413574,0.30286288261413574,0.8978366255760193,0.30286288261413574,0.08880029965753425,0.10216327756643295,0.0,0.0,0.0,0.0,0.0,0.0,0.0,0.0,0.0,0.0,0.0,0.0,0.0,0.0,0.8978367447853088
78.jpg,78.jpg,602.0,715.0,0.8419580419580419,0.6588491201400757,0.6624686121940613,0.6680952310562134,0.13367022573947906,0.127834290266037,0.11865704506635666,0.662105143070221,0.12780044972896576,0.07087787828947369,0.0001301024603890255,0.002065376378595829,0.00575238699093461,0.008184838108718395,0.007861905731260777,0.00842181034386158,0.02018214389681816,0.04152591526508331,0.09183142334222794,0.15879470109939575,0.16845479607582092,0.19642914831638336,0.25867852568626404,0.03160328045487404,8.363729284610599e-05,0.0
79.jpg,79.jpg,1200.0,1567.0,0.7657945118059988,0.8315232396125793,0.8367423415184021,0.8089630007743835,0.13674396276474,0.13802570104599,0.1369202435016632,0.8336301445960999,0.13764417171478271,0.09203078218562874,0.0004254413943272084,0.0013140820665284991,0.0032636672258377075,0.00682354811578989,0.011506062932312489,0.013457243330776691,0.010855669155716896,0.008821527473628521,0.007694639265537262,0.0071197617799043655,0.008231227286159992,0.013032865710556507,0.050353650003671646,0.4567730128765106,0.36595404148101807,0.034373536705970764
8.jpg,8.jpg,1592.0,1879.0,0.8472591804151144,0.5477874875068665,0.5459266901016235,0.5700467824935913,0.06874946504831314,0.07229246199131012,0.07403348386287689,0.5480614304542542,0.07157217711210251,0.02378673427152318,0.0032797702588140965,0.0002714477013796568,0.00110752007458359,0.001050689839757979,0.0017075799405574799,0.0059103392995893955,0.04338182508945465,0.14974920451641083,0.411044716835022,0.278571218252182,0.10391733795404434,8.357380465895403e-06,0.0,0.0,0.0,0.0
80.jpg,80.jpg,750.0,898.0,0.8351893095768375,0.71343594789505,0.6931321024894714,0.6655415892601013,0.06550511717796326,0.06707847118377686,0.06419280171394348,0.6954574584960938,0.06630831956863403,0.059487336601307186,0.0,1.336302921117749e-05,0.00010393466800451279,0.0006176689057610929,0.0016288047190755606,0.0032100966200232506,0.007559020072221756,0.013719376176595688,0.025455085560679436,0.05013363063335419,0.1876436471939087,0.6355248689651489,0.07420787215232849,0.00017965849838219583,2.9695620469283313e-06,0.0
81.jpg,81.jpg,1024.0,1024.0,1.0,0.5773504972457886,0.5330010652542114,0.48056110739707947,0.1097131222486496,0.11726085096597672,0.11767179518938065,0.5386444330215454,0.11448760330677032,0.0854034423828125,0.00982666015625,0.0028400421142578125,0.0066890716552734375,0.016744613647460938,0.021986007690429688,0.022199630737304688,0.03557395935058594,0.11184215545654297,0.37285518646240234,0.20843029022216797,0.15433979034423828,0.03281116485595703,0.0038614273071289062,0.0,0.0,0.0
82.jpg,82.jpg,1024.0,1024.0,1.0,0.7065888047218323,0.6013774871826172,0.5568417906761169,0.0964924693107605,0.08948443084955215,0.08417326211929321,0.6205238103866577,0.09019019454717636,0.0833740234375,0.0008821487426757812,0.006941795349121094,0.008540153503417969,0.008287429809570312,0.006415367126464844,0.005919456481933594,0.006516456604003906,0.008214950561523438,0.018996238708496094,0.20087051391601562,0.7209300994873047,0.007380485534667969,0.0001049041748046875,0.0,0.0,0.0
83.jpg,83.jpg,808.0,515.0,1.5689320388349515,0.9406620264053345,0.9405625462532043,0.9405874013900757,0.19353151321411133,0.1939486563205719,0.19384326040744781,0.9405854344367981,0.19385181367397308,0.08433993142144638,0.014337209984660149,0.011378929018974304,0.004808709025382996,0.004998558200895786,0.004082956817001104,0.004328078590333462,0.005854080431163311,0.0054383352398872375,0.004931269679218531,0.005428722593933344,0.006108814850449562,0.0067913103848695755,0.0114005571231246,0.009201672859489918,0.014558300375938416,0.8863524794578552
84.jpg,84.jpg,960.0,1280.0,0.75,0.7106228470802307,0.6823461651802063,0.652875542640686,0.15943820774555206,0.16312606632709503,0.149481862783432,0.6862302422523499,0.1609015315771103,0.09892778592375366,0.01590983010828495,0.010662434622645378,0.008773600682616234,0.007896321825683117,0.008391926996409893,0.013779296539723873,0.009409179911017418,0.008807780221104622,0.022260742262005806,0.028667805716395378,0.2985888719558716,0.20951659977436066,0.2002905309200287,0.15032958984375,0.006089680828154087,0.0006258137873373926
85.jpg,85.jpg,3120.0,4160.0,0.75,0.6199393272399902,0.5934274792671204,0.5801438093185425,0.11057678610086441,0.11907137930393219,0.11780842393636703,0.5981035232543945,0.11691132187843323,0.05831882331378299,0.00011140902643091977,0.0051289754919707775,0.012010832317173481,0.02031766250729561,0.01819680631160736,0.010355568490922451,0.01123428251594305,0.026606108993291855,0.14362873136997223,0.2724258005619049,0.33692193031311035,0.13847610354423523,0.004578941501677036,6.317800853139488e-06,4.622781091256911e-07,7.704635152094852e-08
86.jpg,86.jpg,496.0,557.0,0.8904847396768402,0.7758693695068359,0.7758693695068359,0.7758693695068359,0.13493916392326355,0.13493916392326355,0.13493916392326355,0.7758693695068359,0.13493916392326355,0.06319414198606271,0.0014152718940749764,0.0063198585994541645,0.01007702574133873,0.009309666231274605,0.008430098183453083,0.007420223671942949,0.0071234144270420074,0.0061424970626831055,0.0066709620878100395,0.007333352696150541,0.009356721304357052,0.0332426019012928,0.4981539845466614,0.38510599732398987,0.00388747313991189,1.0858863788598683e-05
87.jpg,87.jpg,750.0,435.0,1.7241379310344827,0.8233674168586731,0.8082539439201355,0.8418453335762024,0.14192534983158112,0.14523538947105408,0.12729673087596893,0.8138875365257263,0.14301761984825134,0.0520921910430839,0.0,1.5325669664889574e-05,0.0030528735369443893,0.004652873612940311,0.004996168427169323,0.02053026854991913,0.03281532600522041,0.019506514072418213,0.007736398372799158,0.007644444238394499,0.008711110800504684,0.009691953659057617,0.043531034141778946,0.6273287534713745,0.20830345153808594,0.0014835249166935682
88.jpg,88.jpg,1103.0,689.0,1.6008708272859216,0.924359142780304,0.921736478805542,0.9306861162185669,0.19078555703163147,0.19489508867263794,0.1791018396615982,0.9229390621185303,0.19208137691020966,0.13280294926650366,0.010887314565479755,0.0035369957331568003,0.007331897504627705,0.00631343200802803,0.006883193738758564,0.006884509231895208,0.007459534332156181,0.008517474867403507,0.011047848500311375,0.014222986064851284,0.013772966340184212,0.013405845500528812,0.014432205818593502,0.01624281145632267,0.032222453504800797,0.8268385529518127
89.jpg,89.jpg,525.0,401.0,1.3092269326683292,0.7715551853179932,0.8869019150733948,0.9033386707305908,0.19848030805587769,0.20052850246429443,0.20011740922927856,0.8635760545730591,0.19945627450942993,0.08608908582089553,0.004845030140131712,0.002645766595378518,0.010915568098425865,0.022135138511657715,0.01653960347175598,0.01257332880049944,0.010678066872060299,0.009552309289574623,0.010526065714657307,0.009647310711443424,0.008592803962528706,0.009599809534847736,0.011414321139454842,0.014283339492976665,0.6950243711471558,0.15102718770503998
9.jpg,9.jpg,624.0,498.0,1.2530120481927711,0.9622734785079956,0.9622734785079956,0.9622734785079956,0.16473698616027832,0.16473698616027832,0.16473698616027832,0.962273359298706,0.16473697125911713,0.061544117647058826,0.016920244321227074,0.002744954079389572,0.0016604880802333355,0.0016540520591661334,0.004585650283843279,0.0012389300391077995,0.0019983781967312098,0.006519668269902468,0.0013676501112058759,0.0018246060935780406,0.0013354701222851872,0.0049331942573189735,0.001966198207810521,0.0020691740792244673,0.008016038686037064,0.9411653280258179
90.jpg,90.jpg,400.0,449.0,0.89086859688196,0.9101781845092773,0.9101781845092773,0.9101781845092773,0.28592634201049805,0.28592634201049805,0.28592634201049805,0.9101780652999878,0.28592631220817566,0.0934369555749129,0.08982182294130325,0.0,0.0,0.0,0.0,0.0,0.0,0.0,0.0,0.0,0.0,0.0,0.0,0.0,0.0,0.9101781845092773
91.jpg,91.jpg,768.0,1024.0,0.75,0.7675705552101135,0.7600352764129639,0.7440416216850281,0.15110884606838226,0.1507337987422943,0.1498509645462036,0.7604837417602539,0.15056473016738892,0.09961510263929618,0.0014750162372365594,0.0044008889235556126,0.0069376626051962376,0.007709503173828125,0.008121490478515625,0.015738168731331825,0.022388458251953125,0.01493072509765625,0.014652252197265625,0.026083627715706825,0.05166880413889885,0.1167755126953125,0.19568634033203125,0.4635772705078125,0.049409229308366776,0.00044504800462163985
92.jpg,92.jpg,675.0,1200.0,0.5625,0.4787152111530304,0.4710890054702759,0.4687485694885254,0.238057941198349,0.23072655498981476,0.22816036641597748,0.47254082560539246,0.23187457025051117,0.030099587912087913,0.07801975309848785,0.07212592661380768,0.08570864051580429,0.03580617159605026,0.01751851849257946,0.009729629382491112,0.0077950619161129,0.008520987816154957,0.03779999911785126,0.39939260482788086,0.17752963304519653,0.06734073907136917,0.0027123456820845604,0.0,0.0,0.0
93.jpg,93.jpg,381.0,408.0,0.9338235294117647,0.7551476955413818,0.7551476955413818,0.7551476955413818,0.1756698042154312,0.1756698042154312,0.1756698042154312,0.7551476955413818,0.1756698042154312,0.08221658302919709,0.0028176624327898026,0.013586536981165409,0.018951674923300743,0.015780197456479073,0.013297051191329956,0.011862487532198429,0.011257783509790897,0.009598065167665482,0.009977612644433975,0.011380011215806007,0.01320698857307434,0.022567031905055046,0.3757912516593933,0.46544182300567627,0.004451649263501167,3.21650986734312e-05
94.jpg,94.jpg,755.0,901.0,0.8379578246392897,0.9554060697555542,0.9601480960845947,0.9620904922485352,0.13773803412914276,0.1298789530992508,0.12458471208810806,0.9592801332473755,0.13100919127464294,0.09275102459016393,0.0,0.0,0.0,0.0002058051759377122,0.003882367629557848,0.00827189814299345,0.01260409690439701,0.010166775435209274,0.008968695998191833,0.009209781885147095,0.008480642922222614,0.008248377591371536,0.009208311326801777,0.010297608561813831,0.013508169911801815,0.89694744348526
95.jpg,95.jpg,726.0,1024.0,0.708984375,0.6456302404403687,0.6291062235832214,0.5921446084976196,0.11954337358474731,0.119251549243927,0.10693886876106262,0.6299525499343872,0.11806561052799225,0.06870022506925208,0.005747729446738958,0.007531368173658848,0.007429138757288456,0.0067727165296673775,0.0062575326301157475,0.006435089744627476,0.03071194887161255,0.038142431527376175,0.03234493359923363,0.18331530690193176,0.3540402352809906,0.3149804174900055,0.0060006133280694485,0.0002838218933902681,6.725636922055855e-06,0.0
96.jpg,96.jpg,1234.0,818.0,1.5085574572127138,0.9582683444023132,0.9582906365394592,0.9583133459091187,0.1513155698776245,0.15124590694904327,0.15117697417736053,0.9582874774932861,0.15125568211078644,0.04992106541450777,0.0027094981633126736,0.004743355326354504,0.004751280881464481,0.005226805340498686,0.0043579828925430775,0.0041608382016420364,0.004576921928673983,0.009742305614054203,0.0036446962039917707,0.00502767926082015,0.003306875703856349,0.005446735303848982,0.008525755256414413,0.006708856206387281,0.009727445431053638,0.9173429608345032
97.jpg,97.jpg,744.0,900.0,0.8266666666666667,0.9745411276817322,0.9644268751144409,0.9594756364822388,0.09170244634151459,0.0917019471526146,0.0780273824930191,0.9662191867828369,0.09015773236751556,0.032729065533980584,0.0021042414009571075,0.001040919916704297,0.0010349461808800697,0.0011096176458522677,0.0012440262362360954,0.001211170805618167,0.0012485065963119268,0.002026583068072796,0.0015740740345790982,0.0012828554026782513,0.001199223450385034,0.002037036931142211,0.013909797184169292,0.030743727460503578,0.048693250864744186,0.8895400166511536
98.jpg,98.jpg,720.0,1280.0,0.5625,0.4973216652870178,0.4817196726799011,0.4724920392036438,0.15197214484214783,0.162973091006279,0.17516964673995972,0.48436975479125977,0.16089455783367157,0.04676339285714286,0.0007801649044267833,0.03789713606238365,0.029830729588866234,0.05502278730273247,0.08617838472127914,0.04792751744389534,0.05438585206866264,0.06414388120174408,0.1414952278137207,0.3634418547153473,0.1184624582529068,0.0004340277810115367,0.0,0.0,0.0,0.0
99.jpg,99.jpg,478.0,680.0,0.7029411764705882,0.6005815863609314,0.5831844806671143,0.5668087005615234,0.08742055296897888,0.08930856734514236,0.08429370075464249,0.5857006907463074,0.08837500959634781,0.05975005386770093,0.00034764953306876123,0.003230371745303273,0.005488555412739515,0.0069929854944348335,0.009826483204960823,0.012432316318154335,0.014047501608729362,0.04077036678791046,0.18504184484481812,0.39864015579223633,0.3151642978191376,0.007931331172585487,8.614324178779498e-05,0.0,0.0,0.0
